epoch,loss,val_loss,mean_absolute_error,val_mean_absolute_error
1,0.0004258844710420817,0.0008689503301866353,0.015149198472499847,0.02438703365623951
