epoch,loss,val_loss,mean_absolute_error,val_mean_absolute_error
1,0.0006678510690107942,0.0037875541020184755,0.01888437010347843,0.0591161772608757
