epoch,loss,val_loss,mean_absolute_error,val_mean_absolute_error
1,0.0004286967741791159,0.0015234561869874597,0.015344911254942417,0.03513797000050545
