epoch,loss,val_loss,mean_absolute_error,val_mean_absolute_error
1,0.00040768898907117546,0.0008195466361939907,0.015113751403987408,0.02329503931105137
