epoch,loss,val_loss,mean_absolute_error,val_mean_absolute_error
1,0.0005674393614754081,0.004465081728994846,0.017571328207850456,0.06423310935497284
