epoch,loss,val_loss,mean_absolute_error,val_mean_absolute_error
1,0.0004779632727149874,0.0010584129486232996,0.016320031136274338,0.026709629222750664
