epoch,loss,val_loss,mean_absolute_error,val_mean_absolute_error
1,0.000612792675383389,0.013005910441279411,0.018330104649066925,0.11223898082971573
