epoch,loss,val_loss,mean_absolute_error,val_mean_absolute_error
1,0.0004523143288679421,0.0007338640280067921,0.015777433291077614,0.02167741023004055
