epoch,loss,val_loss,mean_absolute_error,val_mean_absolute_error
1,0.000642360420897603,0.0021841293200850487,0.0187058188021183,0.04357129707932472
