epoch,loss,val_loss,mean_absolute_error,val_mean_absolute_error
1,0.0014019837835803628,0.00041543523548170924,0.026974601671099663,0.014570362865924835
