epoch,loss,val_loss,mean_absolute_error,val_mean_absolute_error
1,0.00037390648503787816,0.00031943447538651526,0.014442609623074532,0.012902214191854
