epoch,loss,val_loss,mean_absolute_error,val_mean_absolute_error
1,1.5691879525547847e-05,1.2406078894855455e-05,0.0028899263124912977,0.0025888890959322453
