epoch,loss,val_loss,mean_absolute_error,val_mean_absolute_error
1,1.1722918316081632e-05,1.4816058865108062e-05,0.0026344817597419024,0.0029673969838768244
