epoch,loss,val_loss,mean_absolute_error,val_mean_absolute_error
1,7.506063866458135e-06,1.1695007742673624e-05,0.002019137144088745,0.0024858065880835056
