epoch,loss,val_loss,mean_absolute_error,val_mean_absolute_error
1,1.7563970686751418e-05,1.3174523701309226e-05,0.0030150224920362234,0.0026542930863797665
