epoch,loss,val_loss,mean_absolute_error,val_mean_absolute_error
1,8.442464604740962e-06,2.0878846044070087e-05,0.0021615868899971247,0.0038215264212340117
