epoch,loss,val_loss,mean_absolute_error,val_mean_absolute_error
1,5.6383009905403014e-06,2.2667783923679963e-05,0.0017289527459070086,0.004000609740614891
