epoch,loss,val_loss,mean_absolute_error,val_mean_absolute_error
1,6.498756192740984e-06,2.117944495694246e-05,0.0018968739314004779,0.003784873988479376
