epoch,loss,val_loss,mean_absolute_error,val_mean_absolute_error
1,1.5350182366091758e-05,0.0007794983102940023,0.002758414251729846,0.027105318382382393
