epoch,loss,val_loss,mean_absolute_error,val_mean_absolute_error
1,7.942253432702273e-06,1.7411553926649503e-05,0.002060668310150504,0.0033382291439920664
