epoch,loss,val_loss,mean_absolute_error,val_mean_absolute_error
1,1.6435755242127925e-05,0.00019223385606892407,0.002971755573526025,0.013079250231385231
