epoch,loss,val_loss,mean_absolute_error,val_mean_absolute_error
1,7.731204277661163e-06,1.2125064131396357e-05,0.0021007047034800053,0.0026220064610242844
