epoch,loss,val_loss,accuracy,val_accuracy
1,0.8673021197319031,1.2200067043304443,0.6052809953689575,0.37931033968925476
