epoch,loss,val_loss,accuracy,val_accuracy
1,0.9611542224884033,1.2810187339782715,0.5890318155288696,0.27272728085517883
