epoch,loss,val_loss,accuracy,val_accuracy
1,0.9610803127288818,1.2809691429138184,0.5890318155288696,0.27272728085517883
