epoch,loss,val_loss,accuracy,val_accuracy
1,0.9607027769088745,1.2820043563842773,0.5890318155288696,0.27272728085517883
