epoch,loss,val_loss,accuracy,val_accuracy
1,0.8706298470497131,1.169440507888794,0.6106973886489868,0.34090909361839294
