epoch,loss,val_loss,accuracy,val_accuracy
1,0.7703549861907959,1.2076867818832397,0.6614759564399719,0.47727271914482117
