epoch,loss,val_loss,accuracy,val_accuracy
1,0.8716175556182861,1.0934028625488281,0.6073121428489685,0.39772728085517883
