epoch,loss,val_loss,accuracy,val_accuracy
1,0.8580765128135681,1.1066875457763672,0.6174678206443787,0.39772728085517883
