epoch,loss,val_loss,accuracy,val_accuracy
1,0.8786060214042664,1.1884937286376953,0.6079891920089722,0.37931033968925476
