epoch,loss,val_loss,accuracy,val_accuracy
1,0.8846399784088135,1.1312068700790405,0.6113743782043457,0.39080458879470825
