epoch,loss,val_loss,accuracy,val_accuracy
1,0.8619095683097839,1.1052792072296143,0.614759624004364,0.39080458879470825
