epoch,loss,val_loss,accuracy,val_accuracy
1,0.8669168949127197,1.188959002494812,0.6161137223243713,0.39080458879470825
