epoch,loss,val_loss,accuracy,val_accuracy
1,0.9720686078071594,1.508842945098877,0.5890318155288696,0.27272728085517883
