epoch,loss,val_loss,accuracy,val_accuracy
1,0.890169620513916,1.207158088684082,0.6134055256843567,0.28735631704330444
