epoch,loss,val_loss,accuracy,val_accuracy
1,0.8802732229232788,1.0702210664749146,0.6134055256843567,0.4204545319080353
