epoch,loss,val_loss,accuracy,val_accuracy
1,0.809709906578064,1.0840654373168945,0.6452268362045288,0.4318181872367859
