epoch,loss,val_loss,mean_absolute_error,val_mean_absolute_error
1,0.0003065838245674968,0.0002806296106427908,0.012716527096927166,0.011702201329171658
