epoch,loss,val_loss,mean_absolute_error,val_mean_absolute_error
1,0.0003655468754004687,0.0003537035081535578,0.014095905236899853,0.013592066243290901
