epoch,loss,val_loss,mean_absolute_error,val_mean_absolute_error
1,0.0002704981015995145,0.00034710034378804266,0.011934476904571056,0.013414324261248112
