epoch,loss,val_loss,mean_absolute_error,val_mean_absolute_error
1,0.0006058267317712307,0.0035137347877025604,0.018307169899344444,0.05609751120209694
