epoch,loss,val_loss,mean_absolute_error,val_mean_absolute_error
1,0.0010542270028963685,0.0008659197483211756,0.023736391216516495,0.02436080574989319
