epoch,loss,val_loss,mean_absolute_error,val_mean_absolute_error
1,0.0002832982281688601,0.0003223448293283582,0.011970089748501778,0.012793932110071182
