epoch,loss,val_loss,mean_absolute_error,val_mean_absolute_error
1,0.0003605920646805316,0.000530621618963778,0.013924243859946728,0.017799437046051025
