epoch,loss,val_loss,mean_absolute_error,val_mean_absolute_error
1,0.0003869840002153069,0.0018452160293236375,0.014234013855457306,0.03632580488920212
