epoch,loss,val_loss,mean_absolute_error,val_mean_absolute_error
1,0.0005789799615740776,0.0016196423675864935,0.017853377386927605,0.0356178842484951
