epoch,loss,val_loss,mean_absolute_error,val_mean_absolute_error
1,0.0005051306216046214,0.0005078280228190124,0.016563476994633675,0.01733485236763954
