epoch,loss,val_loss,mean_absolute_error,val_mean_absolute_error
1,0.0003387329343240708,0.00033109079231508076,0.013385557569563389,0.013025688007473946
