epoch,loss,val_loss,mean_absolute_error,val_mean_absolute_error
1,0.0003634062595665455,0.0002843253605533391,0.01412287075072527,0.011822614818811417
