epoch,loss,val_loss,mean_absolute_error,val_mean_absolute_error
1,1.589245039212983e-05,2.6237823476549238e-05,0.0031436968129128218,0.004274805076420307
