epoch,loss,val_loss,mean_absolute_error,val_mean_absolute_error
1,1.1177268788742367e-05,2.9716145945712924e-05,0.0026510204188525677,0.004674848169088364
