epoch,loss,val_loss,mean_absolute_error,val_mean_absolute_error
1,1.0184514394495636e-05,4.44400793639943e-05,0.0024673151783645153,0.005877831019461155
