epoch,loss,val_loss,mean_absolute_error,val_mean_absolute_error
1,5.76242337047006e-06,1.576448448759038e-05,0.0017371411668136716,0.0030240060295909643
