epoch,loss,val_loss,mean_absolute_error,val_mean_absolute_error
1,7.649712642887607e-06,1.3045971172687132e-05,0.0020608992781490088,0.002710170578211546
