epoch,loss,val_loss,mean_absolute_error,val_mean_absolute_error
1,1.0113833923242055e-05,2.787529410852585e-05,0.002430456457659602,0.004479694180190563
