epoch,loss,val_loss,mean_absolute_error,val_mean_absolute_error
1,3.704158734763041e-05,0.002341553568840027,0.004124606493860483,0.04789328947663307
