epoch,loss,val_loss,mean_absolute_error,val_mean_absolute_error
1,1.5541358152404428e-05,1.4913768609403633e-05,0.0029581566341221333,0.0030242973007261753
