epoch,loss,val_loss,mean_absolute_error,val_mean_absolute_error
1,2.6960125978803262e-05,2.5468412786722183e-05,0.00370118860155344,0.00410473020747304
