epoch,loss,val_loss,mean_absolute_error,val_mean_absolute_error
1,8.624792826594785e-06,3.878719871863723e-05,0.002272794721648097,0.00551383662968874
