epoch,loss,val_loss,mean_absolute_error,val_mean_absolute_error
1,2.3870386939961463e-05,0.00019457584130577743,0.003519326215609908,0.013256656005978584
