epoch,loss,val_loss,mean_absolute_error,val_mean_absolute_error
1,9.84361940936651e-06,3.0439981856034137e-05,0.002352976007387042,0.00487349322065711
