epoch,loss,val_loss,mean_absolute_error,val_mean_absolute_error
1,1.8081693269778043e-05,0.00015591229021083564,0.0031702423002570868,0.011813605204224586
