epoch,loss,val_loss,mean_absolute_error,val_mean_absolute_error
1,6.385453161783516e-06,3.431934237596579e-05,0.0018585121724754572,0.00509891239926219
