epoch,loss,val_loss,mean_absolute_error,val_mean_absolute_error
1,7.777488463034388e-06,1.2627671821974218e-05,0.0020593053195625544,0.0026508658193051815
