epoch,loss,val_loss,mean_absolute_error,val_mean_absolute_error
1,2.0276496798032895e-05,0.000901699997484684,0.0032559025567024946,0.029713131487369537
