epoch,loss,val_loss,mean_absolute_error,val_mean_absolute_error
1,2.0060055248904973e-05,2.8875565476482734e-05,0.003349917707964778,0.004540956579148769
