epoch,loss,val_loss,mean_absolute_error,val_mean_absolute_error
1,1.0542294148763176e-05,2.510550621082075e-05,0.002405489794909954,0.004200856201350689
