epoch,loss,val_loss,mean_absolute_error,val_mean_absolute_error
1,6.058246981410775e-06,3.445215770625509e-05,0.0018099071457982063,0.0050459252670407295
