epoch,loss,val_loss,mean_absolute_error,val_mean_absolute_error
1,2.4375181965297088e-05,0.00025558494962751865,0.003573625348508358,0.015306100249290466
