epoch,loss,val_loss,mean_absolute_error,val_mean_absolute_error
1,6.949239832465537e-06,2.541610592743382e-05,0.001948295277543366,0.00429224269464612
