epoch,loss,val_loss,mean_absolute_error,val_mean_absolute_error
1,9.908841093420051e-06,3.1615349143976346e-05,0.0023326000664383173,0.004738658666610718
