epoch,loss,val_loss,mean_absolute_error,val_mean_absolute_error
1,5.191212039790116e-05,0.0005308336112648249,0.0056833564303815365,0.020556284114718437
