epoch,loss,val_loss,mean_absolute_error,val_mean_absolute_error
1,1.6453715943498537e-05,0.0010921849170699716,0.0030120043084025383,0.032287705689668655
