epoch,loss,val_loss,mean_absolute_error,val_mean_absolute_error
1,1.7336225937469862e-05,0.0021618071477860212,0.0030175335705280304,0.04547053575515747
