epoch,loss,val_loss,mean_absolute_error,val_mean_absolute_error
1,6.994376690272475e-06,1.3052780559519306e-05,0.0019851692486554384,0.0027706888504326344
