epoch,loss,val_loss,mean_absolute_error,val_mean_absolute_error
1,1.4568619917554315e-05,0.0001374878775095567,0.0028510387055575848,0.011122525669634342
