epoch,loss,val_loss,mean_absolute_error,val_mean_absolute_error
1,2.1088324501761235e-05,0.0008690162212587893,0.0033797749783843756,0.028846360743045807
