epoch,loss,val_loss,mean_absolute_error,val_mean_absolute_error
1,0.0003830679343082011,0.004646679386496544,0.016344552859663963,0.06640888005495071
