epoch,loss,val_loss,mean_absolute_error,val_mean_absolute_error
1,7.478769930457929e-06,2.0447898350539617e-05,0.001991600263863802,0.0036567412316799164
