epoch,loss,val_loss,mean_absolute_error,val_mean_absolute_error
1,7.132918653951492e-06,1.3879106518288609e-05,0.0019874190911650658,0.0028688134625554085
