epoch,loss,val_loss,mean_absolute_error,val_mean_absolute_error
1,1.4031529644853435e-05,0.0002596096892375499,0.0027852875646203756,0.015436641871929169
