epoch,loss,val_loss,mean_absolute_error,val_mean_absolute_error
1,8.93810920388205e-06,8.896724466467276e-05,0.0022052552085369825,0.00847284309566021
