epoch,loss,val_loss,mean_absolute_error,val_mean_absolute_error
1,8.004490155144595e-06,1.4930337783880532e-05,0.0020553546492010355,0.002987738698720932
