epoch,loss,val_loss,mean_absolute_error,val_mean_absolute_error
1,1.1178216482221615e-05,3.3031119528459385e-05,0.0025042863562703133,0.004719543736428022
