epoch,loss,val_loss,mean_absolute_error,val_mean_absolute_error
1,1.227678239956731e-05,1.4404293324332684e-05,0.0025679755490273237,0.0028634427580982447
