epoch,loss,val_loss,mean_absolute_error,val_mean_absolute_error
1,0.0006628762930631638,0.004405816085636616,0.01892743445932865,0.06405548751354218
