epoch,loss,val_loss,mean_absolute_error,val_mean_absolute_error
1,0.00024222228967119008,0.0002732850844040513,0.011060726828873158,0.011419881135225296
