epoch,loss,val_loss,mean_absolute_error,val_mean_absolute_error
1,0.00025205209385603666,0.0002643202315084636,0.011203339323401451,0.011181567795574665
