epoch,loss,val_loss,mean_absolute_error,val_mean_absolute_error
1,0.00027135995333082974,0.0003531046095304191,0.01196916215121746,0.013562571257352829
