epoch,loss,val_loss,mean_absolute_error,val_mean_absolute_error
1,0.0010581965325400233,0.02767973579466343,0.02366885542869568,0.16497792303562164
