epoch,loss,val_loss,mean_absolute_error,val_mean_absolute_error
1,0.0005349736893549562,0.0004139254451729357,0.017269227653741837,0.014984244480729103
