epoch,loss,val_loss,mean_absolute_error,val_mean_absolute_error
1,0.00038746692007407546,0.000357763929059729,0.014571852050721645,0.0135518042370677
