epoch,loss,val_loss,mean_absolute_error,val_mean_absolute_error
1,0.0007562569226138294,0.0009972363477572799,0.02042379043996334,0.02675904892385006
