epoch,loss,val_loss,mean_absolute_error,val_mean_absolute_error
1,0.00027451291680336,0.0006391265196725726,0.011911462992429733,0.01971494033932686
