epoch,loss,val_loss,mean_absolute_error,val_mean_absolute_error
1,0.0002409934240859002,0.00025921151973307133,0.010993173345923424,0.011197073385119438
