epoch,loss,val_loss,mean_absolute_error,val_mean_absolute_error
1,0.0007015620940364897,0.001600664691068232,0.020148277282714844,0.035152290016412735
