epoch,loss,val_loss,mean_absolute_error,val_mean_absolute_error
1,0.0010583533439785242,0.0002929996117018163,0.023827778175473213,0.011809303425252438
