epoch,loss,val_loss,mean_absolute_error,val_mean_absolute_error
1,0.000370216672308743,0.00027981167659163475,0.014189708046615124,0.01168355718255043
