epoch,loss,val_loss,mean_absolute_error,val_mean_absolute_error
1,0.0002848372678272426,0.0009541016770526767,0.012259766459465027,0.02628379873931408
