epoch,loss,val_loss,mean_absolute_error,val_mean_absolute_error
1,0.0002758326882030815,0.00030342116951942444,0.012034977786242962,0.012122136540710926
