epoch,loss,val_loss,mean_absolute_error,val_mean_absolute_error
1,0.0003710137971211225,0.0002851942554116249,0.014171232469379902,0.011875521391630173
