epoch,loss,val_loss,mean_absolute_error,val_mean_absolute_error
1,0.00038466459955088794,0.00025897668092511594,0.014496301300823689,0.01116062980145216
