epoch,loss,val_loss,mean_absolute_error,val_mean_absolute_error
1,0.0006514780689030886,0.00872127991169691,0.018755823373794556,0.09196460247039795
