epoch,loss,val_loss,mean_absolute_error,val_mean_absolute_error
1,0.0002924082218669355,0.00051472382619977,0.012628016993403435,0.017376763746142387
