epoch,loss,val_loss,mean_absolute_error,val_mean_absolute_error
1,0.0003599704068619758,0.0002790802391245961,0.01391903031617403,0.011569974943995476
