epoch,loss,val_loss,mean_absolute_error,val_mean_absolute_error
1,0.0007642438868060708,0.005975556094199419,0.01989549584686756,0.0753910094499588
