epoch,loss,val_loss,mean_absolute_error,val_mean_absolute_error
1,0.000679435848724097,0.004738869611173868,0.01935756579041481,0.0665837749838829
