epoch,loss,val_loss,mean_absolute_error,val_mean_absolute_error
1,0.0003355939406901598,0.0003457074926700443,0.013552136719226837,0.01342711690813303
