epoch,loss,val_loss,mean_absolute_error,val_mean_absolute_error
1,0.00048553943634033203,0.004123487509787083,0.015984980389475822,0.062156498432159424
