epoch,loss,val_loss,mean_absolute_error,val_mean_absolute_error
1,0.00047519057989120483,0.00037742950371466577,0.015708159655332565,0.014201203361153603
